Date,Time,City,Latitude,Longitude,Weather,Road_Type,Light_Condition,Vehicle_Type,Speed_Limit,Vehicles_Involved,Accident_Severity,Accident_Cause,Alcohol_Involved,Overspeeding_Severity,Drunk_Driving_Severity
2023-03-31,04:58,Kannur,11.849719936207034,75.3825982946531,Cloudy,Rural Road,Night,Truck,50,3,Low,Drunk Driving,Yes,Low,Low
2023-10-13,05:51,Kottayam,9.54752449835396,76.56390743866059,Rainy,Rural Road,Daylight,Truck,50,1,Low,Bad Weather,Yes,High,Medium
2024-03-12,02:05,Kannur,11.91091004728932,75.35886928860909,Rainy,Rural Road,Daylight,Car,60,4,Medium,Bad Weather,Yes,Low,High
2023-06-15,08:48,Kozhikode,11.303511057407576,75.79262785963944,Rainy,Highway,Low Light,Truck,80,2,High,Drunk Driving,No,Medium,High
2024-02-05,09:36,Thrissur,10.545501939004334,76.2094168404169,Cloudy,City Road,Night,Bus,50,1,Low,Road Condition,Yes,Medium,Low
2023-09-30,14:08,Wayanad,11.69456143100948,76.09536755700174,Rainy,City Road,Low Light,Bike,50,1,Low,Drunk Driving,Yes,High,Medium
2024-11-22,01:21,Ernakulam,10.005213976695511,76.32146409327422,Foggy,Rural Road,Low Light,Bike,40,1,High,Drunk Driving,No,High,High
2023-10-19,10:18,Kozhikode,11.21024971280422,75.74811634461203,Foggy,Rural Road,Daylight,Bike,40,1,Medium,Bad Weather,No,Low,High
2023-03-30,04:07,Kasaragod,12.49004395855712,75.03444145826589,Foggy,Highway,Night,Bike,40,1,Medium,Overspeeding,Yes,Low,Low
2023-09-20,14:30,Kozhikode,11.297789317244991,75.81817482133172,Cloudy,Rural Road,Daylight,Bus,100,4,Low,Overspeeding,Yes,Medium,Low
2024-03-10,12:23,Kasaragod,12.528038541788437,75.03285041626495,Foggy,City Road,Low Light,Truck,60,1,Medium,Drunk Driving,Yes,Low,Low
2024-05-13,05:10,Idukki,9.802986745767885,76.93748932368437,Clear,City Road,Daylight,Car,50,4,Medium,Bad Weather,No,Low,High
2024-11-09,03:50,Kottayam,9.629995523707207,76.51769734928759,Foggy,City Road,Night,Bus,100,2,High,Bad Weather,Yes,Medium,Low
2024-06-18,03:02,Kollam,8.851388794094582,76.60085248309997,Foggy,City Road,Night,Car,60,2,Low,Drunk Driving,Yes,High,High
2023-10-29,04:27,Kannur,11.915280904984826,75.35194179415664,Cloudy,Highway,Daylight,Car,60,4,Medium,Bad Weather,No,High,Medium
2023-08-08,03:34,Thrissur,10.573835662786935,76.20763909160692,Rainy,Rural Road,Low Light,Car,60,3,High,Bad Weather,Yes,Medium,High
2024-01-17,07:58,Idukki,9.894539813242876,76.95172624025295,Clear,Rural Road,Night,Truck,40,1,High,Distracted Driving,Yes,Low,High
2023-03-17,09:38,Palakkad,10.801929381662346,76.62376457807592,Clear,Rural Road,Low Light,Bus,80,4,High,Overspeeding,Yes,High,Medium
2024-09-15,11:02,Kannur,11.87439540842573,75.39845801352561,Foggy,City Road,Low Light,Bus,100,1,Medium,Distracted Driving,Yes,Low,Low
2023-08-13,23:14,Palakkad,10.787216451825728,76.64436271843994,Clear,Rural Road,Night,Truck,100,3,High,Road Condition,Yes,Medium,Low
2024-09-15,21:31,Kozhikode,11.243570636723708,75.80995620593777,Cloudy,Highway,Low Light,Bus,100,1,Medium,Drunk Driving,Yes,High,Medium
2023-12-23,03:40,Kollam,8.853735382562947,76.57957002938444,Foggy,Rural Road,Night,Bus,80,2,Low,Overspeeding,Yes,Medium,Medium
2024-07-28,03:40,Kollam,8.915549071401491,76.63048930280985,Foggy,City Road,Daylight,Bus,40,4,Low,Drunk Driving,No,Medium,Low
2024-02-02,21:31,Thiruvananthapuram,8.533741671941888,76.925031791185,Cloudy,Rural Road,Low Light,Car,100,2,Medium,Distracted Driving,No,High,Low
2023-12-07,17:48,Idukki,9.824978980914727,76.95204857908836,Clear,City Road,Low Light,Car,50,2,Low,Road Condition,No,High,Medium
2023-01-14,14:08,Ernakulam,10.019179024200165,76.33628464780445,Rainy,Highway,Daylight,Car,50,4,Low,Overspeeding,Yes,Low,Low
2023-02-08,08:35,Kollam,8.89525461983513,76.60257587824002,Rainy,Rural Road,Daylight,Truck,50,1,Low,Road Condition,No,Low,High
2023-12-07,05:22,Kozhikode,11.213282606724253,75.78714803276081,Rainy,Highway,Low Light,Bus,60,4,Low,Bad Weather,Yes,Low,High
2023-08-15,10:23,Kannur,11.920112946760575,75.32482368392482,Cloudy,Highway,Low Light,Bus,80,1,High,Distracted Driving,Yes,Medium,High
2023-09-10,06:05,Thiruvananthapuram,8.500024737872373,76.95130933383679,Rainy,City Road,Daylight,Bike,80,3,High,Bad Weather,No,Medium,Medium
2023-06-16,01:38,Kollam,8.875005959710073,76.64410920681111,Rainy,Rural Road,Low Light,Bike,80,2,High,Road Condition,Yes,Low,Medium
2024-09-08,08:21,Kasaragod,12.490908069789263,75.0133709071481,Foggy,Rural Road,Night,Car,100,4,High,Drunk Driving,Yes,High,High
2024-01-25,21:12,Pathanamthitta,9.225079677991841,76.76941416369262,Cloudy,Rural Road,Low Light,Car,80,3,Medium,Drunk Driving,No,High,Medium
2023-06-28,05:42,Malappuram,11.007364195572602,76.07248607915483,Foggy,Highway,Daylight,Car,80,2,Medium,Distracted Driving,Yes,High,Low
2024-08-24,19:54,Kollam,8.850302160779997,76.63153343839356,Rainy,Rural Road,Night,Truck,60,1,Medium,Distracted Driving,Yes,Low,Low
2024-08-09,23:09,Kottayam,9.607722554649756,76.56716135599028,Rainy,Highway,Low Light,Bus,80,1,Medium,Overspeeding,Yes,Medium,High
2024-09-19,13:42,Palakkad,10.757935605451152,76.64467291048777,Rainy,Rural Road,Daylight,Truck,100,4,High,Drunk Driving,Yes,High,Medium
2024-05-14,01:31,Palakkad,10.755306269654342,76.6963366432642,Foggy,City Road,Daylight,Car,100,4,High,Drunk Driving,No,Low,Low
2024-09-06,00:46,Idukki,9.829598079702468,77.01518484585766,Foggy,City Road,Low Light,Car,40,4,Low,Bad Weather,No,Medium,High
2024-06-28,00:04,Idukki,9.875110460895396,76.99972186202966,Clear,Highway,Night,Bike,40,1,High,Overspeeding,Yes,Low,Low
2023-08-24,05:10,Ernakulam,10.010177568933255,76.26177820171365,Foggy,Highway,Daylight,Truck,80,4,Low,Overspeeding,No,Low,Medium
2024-07-27,09:05,Kottayam,9.583759762455816,76.53165736478539,Clear,Highway,Low Light,Bus,50,3,Low,Bad Weather,Yes,High,High
2024-11-22,23:02,Pathanamthitta,9.228752626287065,76.75176696830844,Foggy,Highway,Night,Car,40,4,High,Overspeeding,Yes,Low,Medium
2023-10-11,21:42,Wayanad,11.691112945953142,76.13337146695271,Cloudy,City Road,Night,Bus,60,1,Low,Road Condition,Yes,Low,High
2024-09-02,08:19,Kozhikode,11.304587051733158,75.82659569976705,Rainy,City Road,Night,Bike,100,4,High,Drunk Driving,No,Low,Medium
2023-08-10,13:23,Wayanad,11.640201365420205,76.13515839542494,Cloudy,City Road,Night,Bike,100,2,Medium,Overspeeding,No,High,Low
2023-03-03,19:38,Idukki,9.81515423561232,76.96123551892288,Clear,Rural Road,Daylight,Bike,40,1,High,Road Condition,No,High,High
2024-03-08,21:28,Palakkad,10.825196376787893,76.60721298833404,Clear,Highway,Daylight,Bike,80,3,High,Drunk Driving,No,High,Low
2023-09-29,19:51,Kottayam,9.596277233277181,76.52535914835211,Rainy,City Road,Low Light,Car,50,3,Medium,Drunk Driving,Yes,Medium,Medium
2024-07-12,17:39,Pathanamthitta,9.282410456941845,76.82051476950532,Foggy,City Road,Night,Bike,80,4,High,Drunk Driving,Yes,Medium,High
2024-11-17,22:44,Thiruvananthapuram,8.544461490218113,76.90084258199843,Rainy,Highway,Night,Bus,100,3,Low,Drunk Driving,Yes,Low,High
2023-01-06,03:56,Alappuzha,9.510830904609763,76.35746841182932,Cloudy,City Road,Low Light,Bus,40,4,High,Drunk Driving,Yes,Low,High
2024-11-15,01:38,Kollam,8.93069643781397,76.5714949640063,Clear,Highway,Night,Bike,100,2,Low,Road Condition,Yes,Medium,Low
2024-01-31,20:59,Palakkad,10.801724312077521,76.6782074752242,Rainy,City Road,Low Light,Truck,80,2,High,Overspeeding,No,Medium,Medium
2023-09-20,19:41,Malappuram,11.090209691632877,76.08926828504929,Cloudy,Highway,Daylight,Bike,80,1,Medium,Road Condition,No,Low,Medium
2023-02-10,19:24,Thrissur,10.487247621189002,76.26051953698179,Rainy,Highway,Daylight,Bike,60,1,Low,Drunk Driving,Yes,Low,Low
2023-03-27,11:32,Alappuzha,9.4813714349073,76.37956832062582,Rainy,City Road,Night,Bus,100,2,Medium,Bad Weather,Yes,High,Low
2023-05-29,04:07,Ernakulam,10.006727222791895,76.26654497699046,Clear,Highway,Daylight,Car,80,3,Low,Distracted Driving,No,High,Low
2023-02-16,23:31,Wayanad,11.686421751128083,76.1546897076637,Clear,City Road,Daylight,Car,40,1,Medium,Drunk Driving,Yes,Low,Low
2024-08-21,01:39,Kannur,11.914119638810638,75.3215348535362,Foggy,Rural Road,Low Light,Car,80,3,Medium,Road Condition,No,Low,Low
2023-10-17,00:20,Kottayam,9.639684595347,76.47313607004729,Foggy,Highway,Daylight,Bus,50,4,Medium,Overspeeding,Yes,Low,Medium
2023-01-08,07:25,Alappuzha,9.498277003579691,76.34854984409918,Foggy,City Road,Low Light,Car,60,2,Low,Bad Weather,No,Medium,Medium
2023-11-18,00:48,Kottayam,9.629217259231877,76.51832415796405,Rainy,Highway,Daylight,Bus,100,3,Low,Drunk Driving,No,Medium,Low
2023-02-19,16:11,Kannur,11.912283900737297,75.35858744708227,Cloudy,Highway,Low Light,Bike,40,4,Medium,Distracted Driving,No,High,High
2024-11-06,14:44,Kollam,8.922246613470746,76.65573248986004,Rainy,Rural Road,Night,Car,60,3,High,Bad Weather,No,Low,Medium
2023-06-11,02:42,Idukki,9.897769791082503,76.95944462874868,Cloudy,Rural Road,Night,Bike,40,1,Low,Road Condition,Yes,High,Low
2023-06-27,02:45,Thrissur,10.52534315724284,76.20987554227172,Foggy,Highway,Low Light,Truck,50,1,High,Road Condition,Yes,Low,Medium
2024-10-07,06:55,Idukki,9.812701345067232,76.93025439337823,Clear,Rural Road,Night,Car,100,4,Medium,Overspeeding,Yes,High,Medium
2024-02-07,15:38,Palakkad,10.751393118148522,76.62983808749172,Rainy,Rural Road,Night,Bus,40,1,High,Drunk Driving,Yes,Low,Medium
2024-08-14,04:49,Palakkad,10.75053729303061,76.6111080278129,Foggy,Highway,Low Light,Car,50,3,Medium,Bad Weather,Yes,Low,High
2023-09-08,00:35,Kasaragod,12.541796431529624,74.95721589566335,Clear,Rural Road,Night,Bike,50,1,Low,Overspeeding,No,Low,Low
2024-09-08,08:52,Idukki,9.869410260380274,77.01763906646731,Clear,Rural Road,Night,Bike,100,3,Medium,Distracted Driving,Yes,Low,Medium
2023-01-17,12:34,Thiruvananthapuram,8.526619015378465,76.91781072821294,Foggy,Rural Road,Daylight,Truck,60,3,Low,Road Condition,Yes,High,High
2023-11-16,08:51,Kasaragod,12.532746818603858,75.03012109122245,Foggy,Highway,Night,Truck,50,2,Low,Drunk Driving,Yes,Medium,High
2024-05-28,13:30,Malappuram,11.02034807759031,76.11021704649686,Cloudy,City Road,Night,Bike,60,2,Low,Drunk Driving,No,Medium,Low
2024-05-01,19:28,Kottayam,9.578883786315778,76.56035863996036,Cloudy,Highway,Low Light,Car,80,2,Medium,Road Condition,No,Medium,Low
2023-01-17,00:41,Kasaragod,12.465977067366147,74.95605429094694,Clear,Highway,Low Light,Truck,100,1,Medium,Road Condition,Yes,Medium,Medium
2023-04-22,09:38,Pathanamthitta,9.267842700208078,76.75700170000346,Cloudy,Highway,Daylight,Car,100,1,Low,Road Condition,Yes,Medium,Low
2023-08-21,20:22,Kollam,8.911660226439654,76.62288442410699,Clear,Highway,Night,Bike,40,1,Medium,Drunk Driving,No,High,Low
2023-12-24,14:49,Palakkad,10.80888263943044,76.63537371272965,Clear,City Road,Low Light,Truck,100,4,Medium,Road Condition,Yes,Low,High
2023-07-30,08:39,Kottayam,9.569410376871923,76.5440423188537,Rainy,Rural Road,Low Light,Car,50,1,Low,Drunk Driving,No,High,Medium
2023-02-07,07:17,Kasaragod,12.537365731875218,74.96740829614876,Foggy,Highway,Low Light,Bus,60,3,Low,Overspeeding,No,Medium,Medium
2023-07-07,11:50,Palakkad,10.743294314083851,76.67804977315596,Clear,Highway,Night,Bike,60,3,High,Overspeeding,No,Low,Low
2023-04-16,02:21,Thrissur,10.484518738357982,76.22933914850078,Cloudy,Rural Road,Night,Car,40,1,High,Bad Weather,No,High,High
2024-10-05,15:32,Pathanamthitta,9.282239987510312,76.77689872681601,Cloudy,Rural Road,Night,Bike,60,3,Medium,Distracted Driving,No,High,High
2023-10-25,01:16,Kollam,8.851177019820627,76.64755242541047,Rainy,Highway,Daylight,Bus,100,2,Low,Bad Weather,No,Medium,Low
2024-09-09,05:33,Palakkad,10.78166726732383,76.62307298330198,Clear,City Road,Low Light,Bus,40,1,Low,Drunk Driving,Yes,Medium,Low
2023-05-10,11:54,Thiruvananthapuram,8.492813698897491,76.98338171216234,Foggy,City Road,Night,Truck,80,4,High,Drunk Driving,Yes,Low,Medium
2023-04-15,13:29,Kasaragod,12.51840716448507,75.0294619942744,Clear,City Road,Daylight,Bike,80,1,Low,Overspeeding,No,Medium,Medium
2023-08-16,19:22,Kollam,8.923095181861486,76.61566329691368,Rainy,City Road,Night,Bike,50,3,High,Bad Weather,No,Medium,High
2024-08-31,17:06,Ernakulam,9.983957599058968,76.26862511686242,Cloudy,City Road,Low Light,Bus,50,4,Medium,Overspeeding,No,Medium,Medium
2024-04-04,08:28,Pathanamthitta,9.306502440887625,76.83234079899488,Foggy,City Road,Night,Bike,100,3,High,Overspeeding,Yes,Low,Medium
2023-07-11,05:33,Palakkad,10.7376479566026,76.70241305826652,Rainy,Rural Road,Daylight,Car,40,2,Low,Road Condition,Yes,High,Low
2024-03-05,13:39,Pathanamthitta,9.293084677304739,76.81375618036923,Foggy,Rural Road,Daylight,Bike,80,4,High,Drunk Driving,No,Medium,High
2023-04-26,15:00,Kasaragod,12.51976033267858,75.03071070825095,Clear,City Road,Night,Truck,100,1,Low,Bad Weather,No,High,Low
2024-03-18,03:46,Kozhikode,11.258183451254485,75.76325359504126,Rainy,City Road,Daylight,Truck,50,4,High,Overspeeding,No,Low,High
2023-02-12,12:00,Wayanad,11.648741564598861,76.14914712209226,Foggy,Rural Road,Low Light,Truck,40,1,Low,Bad Weather,No,High,High
2024-06-09,18:37,Pathanamthitta,9.278848860621467,76.74640812946004,Rainy,Highway,Low Light,Car,60,2,Medium,Bad Weather,No,Medium,Medium
2023-02-02,02:18,Ernakulam,10.020926319258008,76.34145152493201,Clear,Rural Road,Low Light,Bike,50,1,High,Distracted Driving,Yes,Low,Low
2023-02-26,07:00,Idukki,9.86796242175018,76.9550659729374,Rainy,City Road,Night,Truck,50,3,Medium,Bad Weather,No,High,Medium
2023-02-02,15:27,Alappuzha,9.505273640658531,76.38711556210993,Rainy,City Road,Night,Truck,50,2,High,Bad Weather,Yes,Medium,Low
2024-02-25,14:38,Malappuram,11.09528024733945,76.03699545275904,Foggy,Highway,Night,Bike,60,1,Medium,Road Condition,No,Low,Medium
2023-02-21,17:16,Thrissur,10.483591124244443,76.16459639792716,Rainy,Rural Road,Low Light,Truck,50,3,Medium,Bad Weather,No,High,High
2023-08-02,07:24,Kannur,11.901522916576493,75.41944334555475,Clear,Highway,Daylight,Truck,60,4,High,Drunk Driving,No,Medium,High
2024-08-21,18:11,Wayanad,11.648296206640811,76.1104370698727,Foggy,Rural Road,Daylight,Bus,100,3,Medium,Overspeeding,Yes,Medium,Medium
2023-04-27,06:38,Kottayam,9.565711538368946,76.52755020482812,Rainy,Rural Road,Low Light,Bike,100,2,Medium,Overspeeding,Yes,Low,High
2023-11-18,21:39,Kasaragod,12.51665709662095,75.03472965537244,Rainy,Rural Road,Daylight,Bus,80,2,Low,Road Condition,Yes,Low,Low
2023-01-11,10:54,Idukki,9.882557524717454,76.94512540657021,Clear,Highway,Low Light,Truck,50,3,High,Drunk Driving,Yes,High,High
2024-01-09,14:45,Ernakulam,9.933313353239805,76.2718302439763,Rainy,Highway,Low Light,Bus,40,1,Medium,Bad Weather,Yes,High,High
2024-07-10,15:22,Thrissur,10.493639445802447,76.20298121008823,Cloudy,Rural Road,Daylight,Bus,40,1,Low,Drunk Driving,Yes,Low,Low
2023-09-29,04:42,Kasaragod,12.512352112842981,74.96068015185263,Rainy,City Road,Low Light,Car,50,4,High,Overspeeding,Yes,High,Medium
2023-04-06,23:53,Wayanad,11.678071929100138,76.16754837696274,Rainy,Rural Road,Low Light,Bus,50,3,Low,Drunk Driving,Yes,High,High
2024-06-29,00:43,Ernakulam,9.975441350817297,76.25602571448118,Foggy,City Road,Low Light,Truck,50,2,Medium,Overspeeding,No,Low,High
2023-07-13,10:04,Kottayam,9.584569269257116,76.50530397722629,Cloudy,Highway,Low Light,Truck,60,1,Low,Bad Weather,No,High,Medium
2023-09-24,19:44,Ernakulam,9.994157113850695,76.28074377944696,Foggy,Rural Road,Night,Bus,40,4,High,Overspeeding,Yes,Medium,Medium
2024-08-21,08:19,Thrissur,10.531099486679883,76.191716069911,Rainy,City Road,Low Light,Car,40,2,Medium,Drunk Driving,No,Medium,Medium
2023-01-05,00:03,Thrissur,10.502944797791763,76.1847907581493,Clear,City Road,Low Light,Bike,100,3,High,Bad Weather,Yes,Low,Medium
2023-04-17,11:33,Kottayam,9.585533921619321,76.5713867107545,Foggy,City Road,Daylight,Bike,60,3,Low,Overspeeding,No,Medium,Low
2023-05-18,19:09,Thrissur,10.506911169591394,76.18745815278817,Foggy,Rural Road,Low Light,Bus,80,1,Low,Overspeeding,Yes,Medium,Medium
2023-06-08,20:59,Kannur,11.909336071721773,75.37452341777475,Cloudy,Highway,Night,Bus,100,2,Low,Drunk Driving,No,High,High
2024-06-03,10:55,Thiruvananthapuram,8.50853791674686,76.89304228465753,Clear,City Road,Daylight,Truck,60,1,High,Overspeeding,No,High,Low
2023-05-30,17:22,Pathanamthitta,9.29351898032178,76.75866438266227,Cloudy,Highway,Low Light,Truck,80,1,Low,Distracted Driving,Yes,High,High
2023-12-15,07:00,Thrissur,10.505743682323024,76.199513596498,Clear,City Road,Night,Bus,40,2,Medium,Drunk Driving,Yes,Medium,High
2024-09-14,07:05,Idukki,9.858572801513239,76.97426938132081,Cloudy,Highway,Daylight,Bus,50,4,Low,Bad Weather,No,Low,High
2023-04-24,14:04,Wayanad,11.683467397455093,76.15591879410346,Clear,Highway,Low Light,Truck,60,3,Medium,Distracted Driving,No,Low,Low
2023-10-30,03:43,Wayanad,11.726782182890297,76.14358907483802,Clear,Rural Road,Low Light,Truck,60,4,Medium,Bad Weather,No,High,Medium
2023-04-29,23:08,Idukki,9.822980706877098,76.94799064635318,Foggy,City Road,Low Light,Truck,60,3,High,Drunk Driving,No,Low,Low
2023-01-13,12:29,Thrissur,10.554185987443658,76.22911045837195,Cloudy,Rural Road,Low Light,Bus,50,2,Medium,Bad Weather,Yes,Low,High
2023-08-29,03:40,Kannur,11.891527452044478,75.36926000536995,Clear,Highway,Low Light,Car,60,2,Low,Drunk Driving,No,Low,High
2024-11-16,14:58,Thiruvananthapuram,8.511253297493191,76.93942993268584,Clear,Highway,Low Light,Car,60,1,High,Bad Weather,No,Medium,High
2023-03-12,12:52,Idukki,9.880727736424598,76.94397831627933,Cloudy,Rural Road,Daylight,Car,60,4,Low,Road Condition,No,Medium,Low
2023-11-28,12:36,Pathanamthitta,9.288552548334751,76.75314115656037,Foggy,Highway,Daylight,Bus,100,3,High,Distracted Driving,No,Medium,Low
2023-03-26,05:54,Wayanad,11.70842769588709,76.09907700504094,Rainy,City Road,Night,Truck,80,1,Low,Bad Weather,No,Medium,High
2023-04-16,02:58,Alappuzha,9.46267787023568,76.34271591214089,Foggy,City Road,Low Light,Bike,50,2,Medium,Bad Weather,Yes,High,Medium
2023-08-15,16:56,Kannur,11.892007195595584,75.41085884269141,Foggy,Rural Road,Low Light,Bike,50,2,High,Overspeeding,No,Medium,Low
2024-05-10,07:52,Wayanad,11.680123605091843,76.09671506229967,Foggy,City Road,Low Light,Truck,40,4,Low,Bad Weather,Yes,Low,Medium
2024-12-01,01:20,Thiruvananthapuram,8.514701215829906,76.94030620578351,Rainy,Highway,Night,Bike,40,4,Medium,Road Condition,Yes,Low,High
2023-12-12,05:17,Kannur,11.843882547253033,75.38803657792796,Rainy,Highway,Daylight,Bus,40,1,Low,Overspeeding,Yes,Low,Medium
2024-06-01,15:01,Alappuzha,9.459344387049585,76.36169607993197,Cloudy,City Road,Night,Truck,100,4,Medium,Overspeeding,No,High,Low
2023-11-29,22:34,Kozhikode,11.270422901956268,75.78053424293263,Cloudy,Highway,Daylight,Bike,60,2,Medium,Bad Weather,No,High,High
2023-02-10,13:54,Kottayam,9.571337262343127,76.5481473090654,Rainy,Rural Road,Daylight,Car,60,4,Medium,Overspeeding,No,High,High
2024-03-27,09:52,Kollam,8.866680732289847,76.64371136049762,Foggy,Highway,Daylight,Bike,40,4,Low,Road Condition,No,Medium,High
2024-08-29,21:37,Kannur,11.845729462449643,75.39147365685085,Rainy,Highway,Low Light,Bike,100,1,High,Distracted Driving,Yes,High,Medium
2023-08-07,23:49,Idukki,9.84553769149063,76.93707527179924,Cloudy,City Road,Daylight,Car,50,4,Low,Distracted Driving,Yes,Medium,Medium
2023-03-06,09:10,Thiruvananthapuram,8.501555923806267,76.97001505714574,Clear,Rural Road,Low Light,Bus,40,4,High,Road Condition,No,Low,Medium
2023-09-12,17:10,Thiruvananthapuram,8.56368673895549,76.8936322366071,Rainy,Rural Road,Night,Bike,50,2,High,Overspeeding,Yes,Medium,Low
2024-07-03,14:48,Alappuzha,9.504010167088849,76.3391211659571,Cloudy,Highway,Night,Car,40,3,High,Road Condition,Yes,Medium,Medium
2024-12-01,00:38,Kozhikode,11.268636836903202,75.80597785910055,Foggy,Rural Road,Daylight,Bike,50,4,Medium,Bad Weather,Yes,High,Medium
2024-03-21,09:02,Pathanamthitta,9.23892842498728,76.83292767419522,Foggy,City Road,Night,Bus,80,3,High,Bad Weather,Yes,Low,High
2023-03-29,09:19,Thrissur,10.529959091002052,76.24383274252266,Cloudy,Highway,Low Light,Truck,50,3,High,Distracted Driving,Yes,Low,Low
2024-08-19,03:44,Kollam,8.882899226838322,76.57537859065918,Foggy,City Road,Daylight,Car,80,4,High,Road Condition,No,Low,Medium
2024-01-07,18:51,Idukki,9.841264928186996,76.93981927119593,Foggy,Highway,Low Light,Bus,50,2,Medium,Distracted Driving,Yes,Medium,Low
2024-01-08,16:39,Kottayam,9.62021708219199,76.5340012062701,Clear,Highway,Night,Truck,40,4,Low,Road Condition,Yes,High,Low
2024-10-16,20:29,Kozhikode,11.241817782060027,75.82131202862142,Clear,Rural Road,Night,Car,100,4,Low,Drunk Driving,No,Medium,Medium
2024-08-06,06:36,Wayanad,11.661984328289204,76.16633473209775,Foggy,Rural Road,Low Light,Car,60,2,Low,Overspeeding,Yes,Medium,Medium
2024-10-31,05:40,Pathanamthitta,9.302897107022295,76.83653700014906,Foggy,Rural Road,Daylight,Truck,50,1,High,Distracted Driving,Yes,Low,Medium
2023-09-26,04:49,Thrissur,10.577570418424417,76.17225128285004,Clear,Highway,Night,Bus,50,2,Low,Overspeeding,Yes,Medium,Medium
2023-03-05,17:55,Palakkad,10.785050250270784,76.6545108095241,Clear,City Road,Night,Car,60,2,High,Drunk Driving,No,Low,Medium
2024-01-10,12:04,Alappuzha,9.467654254572599,76.35556782493174,Foggy,Rural Road,Low Light,Truck,60,1,Medium,Distracted Driving,Yes,Medium,High
2023-01-24,19:57,Wayanad,11.720603106567165,76.12733563175215,Clear,Rural Road,Daylight,Truck,60,2,High,Distracted Driving,No,Medium,High
2023-04-30,13:34,Kollam,8.914194406444732,76.63746980548146,Foggy,Highway,Daylight,Bus,80,2,Low,Overspeeding,Yes,High,Low
2024-09-22,20:50,Thiruvananthapuram,8.47862783355583,76.96239207653475,Clear,Highway,Daylight,Bus,100,1,Medium,Overspeeding,No,Medium,High
2024-10-29,09:13,Kottayam,9.550273146799857,76.56395944188431,Rainy,Rural Road,Night,Truck,50,1,Medium,Distracted Driving,Yes,High,High
2023-12-04,09:08,Ernakulam,9.973386640865746,76.31638351728924,Clear,Rural Road,Low Light,Bike,80,2,High,Drunk Driving,Yes,High,Low
2023-11-11,12:37,Kozhikode,11.231274447930986,75.82932420632464,Clear,Highway,Low Light,Truck,100,3,Low,Drunk Driving,Yes,High,Low
2024-01-07,13:04,Alappuzha,9.480634782809561,76.33431710352487,Clear,Rural Road,Low Light,Car,50,3,High,Drunk Driving,Yes,Medium,Low
2023-06-24,04:16,Kasaragod,12.45166103424056,74.94053646479662,Clear,Highway,Low Light,Bus,100,4,Low,Distracted Driving,Yes,Low,Low