Date,Time,City,Latitude,Longitude,Weather,Road_Type,Light_Condition,Vehicle_Type,Speed_Limit,Vehicles_Involved,Accident_Severity,Accident_Cause,Alcohol_Involved,Overspeeding_Severity,Drunk_Driving_Severity
2024-09-09,02:44,Kasaragod,12.517454618824761,75.00043941616603,Foggy,City Road,Daylight,Bus,50,3,Low,Distracted Driving,No,High,Low
2023-03-21,08:00,Kozhikode,11.248518240516068,75.79219085705164,Clear,Highway,Low Light,Truck,100,3,Medium,Drunk Driving,Yes,High,Low
2023-05-09,07:38,Idukki,9.862876940721712,76.97108745419196,Foggy,Rural Road,Low Light,Bus,80,1,Low,Bad Weather,No,Medium,Medium
2024-03-22,05:20,Kottayam,9.634772584054469,76.49745224648174,Rainy,Rural Road,Night,Truck,100,2,High,Drunk Driving,Yes,High,Medium
2023-03-09,11:03,Ernakulam,9.949391609700186,76.25166790896546,Clear,Rural Road,Daylight,Bus,40,3,Low,Overspeeding,No,Medium,Low
2023-01-26,20:24,Thiruvananthapuram,8.485208678549137,76.95007143471386,Foggy,Highway,Low Light,Car,40,3,Low,Drunk Driving,Yes,Medium,Low
2024-09-03,05:13,Kottayam,9.640636115971297,76.5278555879083,Rainy,Highway,Daylight,Bus,80,3,Low,Road Condition,No,Low,High
2023-01-23,02:13,Palakkad,10.78893668587405,76.64069712977458,Clear,City Road,Daylight,Bike,80,2,Medium,Distracted Driving,Yes,Medium,High
2023-06-29,06:16,Kollam,8.907609563464739,76.61040639393224,Rainy,Highway,Daylight,Bus,40,2,Low,Drunk Driving,Yes,Low,Low
2024-02-02,01:00,Alappuzha,9.545677886805054,76.31445322331457,Foggy,Rural Road,Daylight,Bike,40,3,High,Drunk Driving,Yes,Medium,High
2024-06-09,10:57,Pathanamthitta,9.2904781662055,76.76830975715261,Clear,Highway,Daylight,Car,100,4,Low,Drunk Driving,No,Medium,Low
2024-02-17,05:52,Kottayam,9.565687127771085,76.51774764447676,Clear,Rural Road,Low Light,Truck,80,4,High,Road Condition,No,Low,High
2023-05-07,06:26,Pathanamthitta,9.284101339909354,76.7425727652993,Rainy,City Road,Daylight,Car,60,4,Medium,Bad Weather,No,Low,Low
2024-11-17,19:09,Kottayam,9.634351199860467,76.56221046456379,Clear,City Road,Low Light,Bike,100,3,Low,Road Condition,No,High,High
2023-04-21,13:13,Kozhikode,11.301862641118703,75.73295780153009,Foggy,City Road,Low Light,Bus,40,2,Low,Bad Weather,No,High,Low
2023-03-01,16:56,Pathanamthitta,9.270272485121078,76.83165571170761,Cloudy,Highway,Low Light,Car,40,4,Medium,Drunk Driving,Yes,Medium,Medium
2023-10-01,15:20,Kollam,8.937073578109281,76.60555195625064,Cloudy,City Road,Daylight,Truck,40,3,Medium,Bad Weather,Yes,High,High
2024-07-04,18:43,Thiruvananthapuram,8.515694391013952,76.91533149725655,Clear,City Road,Night,Bike,40,2,High,Overspeeding,No,Medium,High
2024-11-01,22:18,Thrissur,10.561115944709172,76.21478035753057,Foggy,Highway,Night,Bike,100,4,High,Overspeeding,Yes,Low,Low
2024-09-03,05:50,Thiruvananthapuram,8.571565791103966,76.91009431600075,Cloudy,Rural Road,Daylight,Car,40,1,Low,Overspeeding,No,High,High
2023-02-16,22:09,Pathanamthitta,9.308251354239854,76.73838105485785,Clear,City Road,Low Light,Bike,60,4,High,Distracted Driving,Yes,High,Low
2024-03-03,01:47,Wayanad,11.663016585303904,76.09969139665434,Clear,Rural Road,Night,Bike,50,4,Low,Bad Weather,Yes,Low,Low
2024-08-26,07:15,Thiruvananthapuram,8.556169606136935,76.97528434887442,Rainy,City Road,Daylight,Bike,40,1,High,Road Condition,Yes,Low,High
2024-01-11,20:16,Pathanamthitta,9.265357032097045,76.8062217610569,Rainy,City Road,Low Light,Car,100,3,Medium,Bad Weather,No,Medium,Low
2023-05-14,03:09,Thiruvananthapuram,8.530829907229736,76.97062689623455,Foggy,City Road,Night,Car,50,4,High,Distracted Driving,No,Low,Low
2023-02-24,07:59,Idukki,9.817360261325666,76.99660151736043,Clear,Rural Road,Night,Bike,100,4,High,Overspeeding,No,Medium,Low
2023-11-10,19:55,Kollam,8.86113191884576,76.58029522654256,Foggy,City Road,Night,Car,100,3,Medium,Distracted Driving,No,Low,High
2024-03-31,17:27,Pathanamthitta,9.29473351975344,76.8303483460465,Clear,Rural Road,Daylight,Bike,100,4,Medium,Bad Weather,No,High,Low
2023-06-04,19:53,Kasaragod,12.489520160210485,74.94679350482768,Foggy,Rural Road,Low Light,Car,100,2,Medium,Road Condition,No,Medium,Medium
2024-04-24,13:42,Wayanad,11.637118650190581,76.16547523438668,Foggy,Highway,Night,Bus,40,2,High,Road Condition,Yes,Medium,High
2023-12-03,01:32,Idukki,9.882006299959276,77.00351220388929,Clear,Rural Road,Daylight,Car,40,2,Low,Overspeeding,Yes,High,Medium
2024-04-23,00:14,Wayanad,11.710962894163082,76.09790585481292,Clear,Highway,Night,Bus,60,2,Medium,Distracted Driving,No,Medium,Low
2023-05-19,08:44,Malappuram,11.004804736880462,76.03250857648433,Foggy,Highway,Daylight,Truck,60,4,High,Road Condition,Yes,Medium,Medium
2024-04-29,14:50,Wayanad,11.636517683954287,76.14081796803393,Foggy,Highway,Night,Truck,100,4,Medium,Drunk Driving,No,High,Low
2023-09-13,09:43,Kollam,8.854730453022889,76.60647823387802,Foggy,City Road,Night,Car,50,1,Medium,Drunk Driving,No,Medium,High
2024-10-03,05:24,Wayanad,11.649035942133409,76.08746681004408,Cloudy,Highway,Low Light,Truck,40,1,Low,Drunk Driving,Yes,Low,Low
2023-07-13,16:33,Ernakulam,10.006071256211637,76.33682407197634,Rainy,Highway,Night,Bike,100,4,Medium,Bad Weather,Yes,High,Medium
2023-04-09,05:53,Palakkad,10.770580594733916,76.67525096850659,Rainy,City Road,Low Light,Bus,40,1,Medium,Drunk Driving,Yes,Low,Medium
2023-01-13,01:00,Palakkad,10.741076238658191,76.62787027688273,Clear,Highway,Daylight,Car,80,3,Medium,Overspeeding,No,High,High
2024-06-20,22:13,Thrissur,10.560489576033582,76.21869465925172,Cloudy,City Road,Daylight,Truck,100,1,Medium,Distracted Driving,Yes,Low,High
2024-09-08,19:54,Kasaragod,12.479634878516519,74.96334151583156,Foggy,City Road,Daylight,Car,80,3,Low,Overspeeding,Yes,Medium,High
2024-01-13,12:57,Kannur,11.830900690250411,75.37878797297033,Clear,Rural Road,Low Light,Truck,40,1,High,Distracted Driving,No,Low,High
2023-09-13,02:32,Ernakulam,9.953115732466872,76.32382312982567,Foggy,City Road,Night,Bus,80,3,High,Distracted Driving,Yes,Low,Medium
2024-05-04,15:40,Kozhikode,11.243152287254993,75.80233792718187,Rainy,City Road,Low Light,Car,80,1,Medium,Distracted Driving,No,High,Medium
2024-06-12,10:38,Malappuram,11.015667016878028,76.12081536261645,Cloudy,City Road,Low Light,Bus,50,4,High,Drunk Driving,No,Medium,Low
2024-01-12,04:43,Kottayam,9.59297980340108,76.49938967179742,Clear,Highway,Low Light,Bike,40,4,High,Bad Weather,No,Medium,Medium
2023-04-26,05:41,Kasaragod,12.474412909211754,75.02495016719638,Foggy,City Road,Low Light,Car,100,1,Low,Road Condition,Yes,Low,Medium
2023-09-29,05:56,Thiruvananthapuram,8.531283555956811,76.97944193001223,Rainy,Highway,Night,Bike,60,2,Medium,Overspeeding,No,High,Medium
2023-04-03,17:32,Kottayam,9.585535963274607,76.54632279896357,Rainy,City Road,Night,Truck,100,4,High,Road Condition,Yes,Medium,Low
2024-03-12,11:45,Kottayam,9.54841841231531,76.53905373519393,Rainy,Rural Road,Night,Bus,40,1,Medium,Overspeeding,No,High,Low
2023-03-04,13:19,Palakkad,10.754978437062903,76.66121173629173,Foggy,City Road,Daylight,Bike,60,4,Medium,Bad Weather,No,Medium,High
2024-04-08,14:54,Palakkad,10.743583253272883,76.62502023376707,Foggy,Rural Road,Night,Bus,40,2,Low,Drunk Driving,Yes,Medium,Low
2023-09-22,10:31,Thrissur,10.559530290968606,76.22905612002417,Clear,Rural Road,Low Light,Bus,80,2,Low,Overspeeding,Yes,Medium,Low
2023-01-01,21:10,Idukki,9.89099343734589,76.93471731204912,Cloudy,Rural Road,Night,Bus,50,1,High,Distracted Driving,Yes,Medium,Low
2023-07-25,21:19,Wayanad,11.725754198205005,76.08724062925324,Rainy,Highway,Daylight,Car,80,1,High,Overspeeding,Yes,Medium,High
2024-04-21,14:40,Kozhikode,11.224154114666431,75.78534020121171,Foggy,Rural Road,Night,Bus,40,3,Medium,Distracted Driving,Yes,High,Low
2024-08-06,14:18,Ernakulam,10.021879266339106,76.3066930163948,Cloudy,City Road,Night,Car,60,4,Low,Road Condition,No,Low,Medium
2023-02-01,04:24,Thrissur,10.576509369332337,76.16582697932868,Clear,City Road,Daylight,Bus,50,2,Medium,Overspeeding,Yes,High,Low
2024-08-12,14:59,Ernakulam,9.992829137647155,76.29207988465494,Rainy,Rural Road,Daylight,Bike,50,2,Low,Bad Weather,No,Medium,High
2023-05-14,23:44,Kasaragod,12.469234049115792,74.93798533459513,Rainy,Highway,Low Light,Car,40,1,Low,Bad Weather,No,High,Low
2023-07-27,13:50,Pathanamthitta,9.30730544655003,76.82083213377973,Cloudy,City Road,Daylight,Car,40,1,High,Overspeeding,Yes,High,Low
2024-08-11,22:13,Kannur,11.888147157446504,75.32163254874082,Cloudy,City Road,Low Light,Truck,60,1,Medium,Drunk Driving,Yes,Medium,Medium
2023-12-29,18:02,Thrissur,10.51473062083793,76.26412283059113,Cloudy,City Road,Low Light,Bike,100,2,Medium,Overspeeding,No,Low,Low
2024-09-21,02:18,Kollam,8.929647671058543,76.62540653176293,Rainy,Highway,Daylight,Bike,80,4,High,Overspeeding,No,Low,Low
2024-09-30,21:08,Kasaragod,12.464821638626379,74.97740207528149,Rainy,Highway,Low Light,Bus,60,1,Medium,Bad Weather,Yes,High,High
2023-02-10,17:48,Alappuzha,9.50977305189429,76.3105150297827,Cloudy,Rural Road,Low Light,Bike,100,1,High,Overspeeding,Yes,High,Medium
2024-07-30,23:58,Idukki,9.819525469079533,77.00151085674464,Cloudy,City Road,Low Light,Bus,60,3,Medium,Distracted Driving,No,High,Low
2023-05-20,01:20,Kasaragod,12.453841439350766,74.98261024938401,Foggy,City Road,Night,Truck,40,4,Low,Drunk Driving,No,Medium,Low
2024-04-30,21:48,Ernakulam,9.98362463125408,76.28597574027285,Clear,City Road,Night,Bus,80,3,Medium,Road Condition,No,Medium,Low
2023-08-09,19:45,Pathanamthitta,9.261607498301727,76.81120742243272,Cloudy,Rural Road,Low Light,Truck,50,1,Medium,Drunk Driving,No,High,High
2024-04-20,10:37,Kottayam,9.63729496547278,76.53325654954932,Foggy,City Road,Night,Car,80,2,Medium,Road Condition,Yes,Medium,High
2023-07-23,06:49,Palakkad,10.815295420336021,76.67206707362386,Foggy,Highway,Night,Bus,40,2,Medium,Bad Weather,No,Low,Low
2023-07-06,09:59,Pathanamthitta,9.285696597323598,76.77719423131582,Foggy,Rural Road,Daylight,Bus,100,2,Low,Drunk Driving,No,Low,High
2023-08-13,23:56,Kollam,8.881482100159163,76.6582186836266,Clear,City Road,Night,Bus,40,4,Medium,Road Condition,Yes,Medium,Medium
2024-07-14,20:00,Kasaragod,12.461435156415963,74.96106070764304,Cloudy,Highway,Low Light,Car,50,4,Medium,Drunk Driving,Yes,High,Low
2023-11-03,15:58,Pathanamthitta,9.271706670749394,76.79227642877497,Clear,Rural Road,Daylight,Bus,40,1,Medium,Road Condition,No,Medium,High
2024-09-28,15:19,Kannur,11.85434152508976,75.33788904379196,Foggy,Rural Road,Daylight,Truck,100,1,High,Road Condition,No,High,Low
2023-09-23,18:44,Alappuzha,9.495171679826939,76.35102315015205,Foggy,Rural Road,Daylight,Bus,40,4,High,Bad Weather,Yes,Medium,Medium
2024-05-23,23:13,Thrissur,10.515741841151542,76.17142675307457,Foggy,City Road,Night,Bus,60,1,Low,Bad Weather,Yes,Low,Low
2023-08-19,02:04,Idukki,9.865458776650996,76.98017635115171,Clear,City Road,Daylight,Bus,80,4,High,Drunk Driving,No,High,Medium
2024-11-08,00:20,Alappuzha,9.516713395225453,76.35106961347704,Rainy,Rural Road,Low Light,Bike,50,2,Medium,Distracted Driving,Yes,High,Medium
2023-05-20,18:06,Kannur,11.89848247523929,75.38443156723659,Foggy,City Road,Low Light,Bike,100,2,Low,Drunk Driving,No,Low,Medium
2024-06-22,00:39,Pathanamthitta,9.296379259138243,76.74977285578606,Rainy,Rural Road,Low Light,Car,100,1,Medium,Drunk Driving,No,Medium,Medium
2024-07-23,09:26,Thrissur,10.507111841170701,76.17910310441994,Clear,Highway,Low Light,Truck,40,4,Medium,Bad Weather,Yes,High,Medium
2023-02-20,07:10,Palakkad,10.819419506250792,76.70328397123986,Foggy,City Road,Daylight,Truck,40,1,Low,Drunk Driving,Yes,High,Medium
2024-11-24,09:53,Kollam,8.919697652328457,76.58983682403381,Rainy,Rural Road,Night,Truck,80,1,Medium,Road Condition,Yes,Medium,Low
2023-04-17,02:36,Thiruvananthapuram,8.51993365077441,76.89612506945137,Cloudy,Rural Road,Low Light,Bike,40,1,High,Drunk Driving,Yes,Low,High
2023-06-12,05:21,Thiruvananthapuram,8.556894330643562,76.9075133230015,Cloudy,Rural Road,Night,Truck,60,1,Medium,Bad Weather,Yes,Low,High
2023-11-25,15:07,Idukki,9.879313496757797,76.93932193525447,Foggy,Rural Road,Night,Car,100,2,Medium,Bad Weather,No,Medium,High
2024-09-24,15:13,Pathanamthitta,9.25797120449175,76.74186915300562,Cloudy,Highway,Daylight,Car,60,1,High,Drunk Driving,No,High,High
2023-02-21,00:54,Kannur,11.863117698019899,75.35786700718612,Clear,Rural Road,Night,Truck,100,4,Low,Drunk Driving,Yes,High,Medium
2024-04-07,06:42,Kannur,11.84173199346723,75.33031990862521,Cloudy,City Road,Daylight,Bike,50,4,High,Drunk Driving,Yes,Medium,High
2023-12-18,15:57,Kannur,11.826151194698955,75.37868970415293,Cloudy,Rural Road,Daylight,Bus,80,3,Medium,Bad Weather,Yes,Medium,Medium
2024-07-06,17:29,Alappuzha,9.480536125817792,76.31042030299268,Clear,Rural Road,Night,Bus,60,4,Low,Distracted Driving,No,Medium,High
2023-04-03,21:57,Kannur,11.840514188697759,75.32230909345668,Cloudy,Rural Road,Night,Truck,50,1,Medium,Drunk Driving,Yes,High,Medium
2023-02-05,17:18,Kozhikode,11.280951088696119,75.78918821958545,Rainy,Rural Road,Daylight,Car,100,2,Low,Overspeeding,No,Low,Medium
2023-10-07,23:43,Thiruvananthapuram,8.541874914883081,76.9121291904272,Foggy,Highway,Daylight,Truck,80,3,Medium,Road Condition,No,High,Medium
2024-08-17,05:48,Kollam,8.902579349835886,76.64677508962988,Rainy,Rural Road,Low Light,Bike,80,1,High,Bad Weather,No,Low,Medium
2023-03-23,23:59,Idukki,9.866580815758097,76.94897933357335,Foggy,Highway,Low Light,Car,100,2,High,Bad Weather,No,Low,Low
2023-07-16,07:16,Malappuram,11.058080180385689,76.09153254971109,Foggy,Highway,Daylight,Bus,40,2,Low,Drunk Driving,Yes,Medium,Medium
2024-03-02,11:37,Wayanad,11.656421650852751,76.17360118367594,Foggy,Rural Road,Night,Car,50,2,High,Drunk Driving,No,Medium,High
2024-10-03,05:27,Idukki,9.841496449439681,76.92512041735823,Clear,Rural Road,Night,Car,50,1,Low,Road Condition,No,Medium,Medium
2023-03-03,15:47,Palakkad,10.779584872667003,76.67778348427875,Foggy,Highway,Daylight,Truck,50,1,High,Road Condition,Yes,Low,Medium
2023-01-07,09:55,Kasaragod,12.536260837029065,75.01284273801072,Clear,Rural Road,Night,Truck,100,2,Medium,Distracted Driving,Yes,High,Medium
2023-02-06,08:07,Thrissur,10.52701764726567,76.26314992712854,Foggy,City Road,Night,Car,40,1,Low,Drunk Driving,No,Low,Low
2023-07-31,02:38,Kottayam,9.634215115025878,76.560726156307,Clear,City Road,Night,Bike,40,2,High,Drunk Driving,Yes,Medium,Low
2023-10-31,13:31,Kollam,8.91295764462138,76.65540901654454,Cloudy,City Road,Low Light,Bike,50,1,High,Drunk Driving,No,Low,High
2024-01-27,10:02,Malappuram,11.084171249862804,76.03300869864853,Clear,Rural Road,Low Light,Bus,50,1,High,Bad Weather,No,High,Medium
2024-04-12,02:48,Kottayam,9.579113095857554,76.47366055617923,Rainy,Highway,Daylight,Bus,50,1,Medium,Road Condition,No,Low,Low
2023-07-06,02:48,Kollam,8.906395746096662,76.56413607011237,Clear,Rural Road,Low Light,Car,40,1,Low,Distracted Driving,No,Low,High
2023-10-17,22:27,Kozhikode,11.228298676937957,75.7996417571137,Foggy,Rural Road,Daylight,Bike,50,4,High,Distracted Driving,Yes,High,High
2024-05-22,20:17,Alappuzha,9.528104803224375,76.37829391285075,Cloudy,City Road,Daylight,Bike,40,4,Medium,Overspeeding,No,Medium,High
2023-02-18,15:37,Ernakulam,10.002050061552135,76.31131835108238,Cloudy,Rural Road,Daylight,Truck,100,2,Medium,Overspeeding,No,High,Medium
2023-05-21,13:19,Thrissur,10.565762434710496,76.25602245895497,Rainy,City Road,Daylight,Car,50,2,Medium,Distracted Driving,Yes,High,Medium
2023-12-28,07:11,Kasaragod,12.503355607575314,74.98417614334333,Rainy,Rural Road,Low Light,Bus,50,3,High,Overspeeding,No,High,Low
2023-05-09,02:22,Wayanad,11.668160111584212,76.10069255045833,Cloudy,City Road,Low Light,Bus,80,2,High,Bad Weather,Yes,High,Medium
2024-01-13,20:08,Thiruvananthapuram,8.508155249845766,76.89798227154341,Foggy,Rural Road,Low Light,Bus,60,4,High,Road Condition,Yes,Low,Medium
2023-05-05,14:33,Alappuzha,9.505641323020013,76.30639554962204,Foggy,Rural Road,Daylight,Bike,50,3,Medium,Bad Weather,No,Low,Low
2024-10-01,14:18,Thiruvananthapuram,8.541934033379444,76.93710580450463,Foggy,City Road,Low Light,Bus,50,1,Medium,Road Condition,Yes,Medium,Low
2024-03-01,17:17,Kasaragod,12.487935544489067,74.99439852239617,Rainy,Rural Road,Low Light,Bus,80,4,High,Road Condition,Yes,Medium,Low
2023-02-21,22:28,Thiruvananthapuram,8.54874710986043,76.9021059600574,Clear,City Road,Low Light,Truck,40,2,Medium,Drunk Driving,Yes,High,High
2023-10-12,10:46,Wayanad,11.687314308084147,76.16115352874783,Clear,Highway,Night,Bus,50,3,Medium,Bad Weather,Yes,Low,Low
2024-03-11,23:14,Ernakulam,9.975978554410796,76.28585264583334,Foggy,City Road,Night,Bus,40,1,High,Road Condition,No,Medium,Low
2024-11-02,14:32,Ernakulam,10.017311866442846,76.25607561020935,Foggy,Highway,Low Light,Car,80,3,Medium,Overspeeding,Yes,High,Low
2024-08-24,11:13,Kollam,8.856127761765917,76.63352828649461,Cloudy,Rural Road,Daylight,Bus,50,4,High,Overspeeding,No,High,Low
2024-07-21,04:09,Idukki,9.85735261897875,76.93986299164007,Rainy,Highway,Night,Bike,100,4,Medium,Drunk Driving,Yes,Medium,Medium
2024-03-22,06:30,Idukki,9.85744818245532,76.93248080821304,Rainy,Highway,Night,Truck,50,3,High,Overspeeding,No,Medium,Low
2024-09-18,23:20,Palakkad,10.796110128893888,76.68417354695578,Clear,City Road,Daylight,Car,40,3,Low,Overspeeding,No,Medium,Medium
2024-04-21,11:48,Pathanamthitta,9.296450810135953,76.8161718970457,Rainy,City Road,Low Light,Car,60,1,Medium,Drunk Driving,Yes,High,High
2023-03-01,21:01,Thrissur,10.534453776182543,76.22405259451916,Cloudy,Rural Road,Daylight,Car,100,3,Medium,Distracted Driving,Yes,High,Medium
2024-09-18,19:45,Alappuzha,9.460163533848856,76.29490913158577,Clear,Rural Road,Daylight,Car,100,2,High,Distracted Driving,Yes,Low,Medium
2023-01-27,15:40,Wayanad,11.714087229902933,76.09902944251449,Cloudy,Rural Road,Night,Truck,50,3,Low,Overspeeding,Yes,Low,Low
2024-04-17,23:10,Kasaragod,12.548892783213056,74.9588855762491,Cloudy,Highway,Daylight,Truck,40,3,High,Distracted Driving,No,High,Medium
2023-09-29,20:58,Pathanamthitta,9.254733316132643,76.74409207192484,Foggy,Rural Road,Night,Car,80,3,Medium,Distracted Driving,Yes,High,Low
2024-06-19,16:14,Wayanad,11.730381804716558,76.10912133942583,Cloudy,City Road,Daylight,Bike,50,2,Medium,Bad Weather,Yes,Medium,High
2024-10-23,08:10,Kollam,8.918949724672473,76.57094764155316,Clear,Rural Road,Low Light,Bike,40,2,Low,Distracted Driving,Yes,Medium,High
2023-10-14,06:33,Ernakulam,9.97825360942573,76.3473901096665,Clear,City Road,Daylight,Truck,40,4,High,Overspeeding,No,Low,Low
2024-09-23,11:30,Kannur,11.845700675186997,75.35690881012019,Rainy,City Road,Low Light,Truck,100,2,Medium,Bad Weather,Yes,Medium,Medium
2023-12-10,20:39,Thiruvananthapuram,8.570927789037166,76.9107928804764,Clear,Highway,Night,Bus,60,1,Medium,Overspeeding,Yes,Medium,Low
2024-06-14,13:40,Kottayam,9.613712621862852,76.49828095035005,Rainy,City Road,Daylight,Truck,80,1,Medium,Road Condition,No,High,Low
2024-02-06,00:48,Alappuzha,9.47270757625501,76.3084084077505,Rainy,City Road,Low Light,Bike,50,3,Medium,Distracted Driving,Yes,Low,Medium
2024-02-04,00:19,Ernakulam,9.969312418320595,76.32272371608624,Clear,Rural Road,Daylight,Truck,60,2,Low,Drunk Driving,No,Medium,Medium
2023-06-18,18:36,Pathanamthitta,9.220059938135003,76.79769190592071,Rainy,City Road,Low Light,Car,40,2,Medium,Distracted Driving,Yes,High,Low
2024-04-30,08:22,Kollam,8.882004642960652,76.6124257665243,Rainy,City Road,Daylight,Truck,80,1,Medium,Drunk Driving,Yes,Low,Low
2024-07-01,20:53,Alappuzha,9.508103400553644,76.32031938692855,Rainy,Highway,Low Light,Bike,40,1,Medium,Overspeeding,Yes,Low,Low
2024-04-09,21:51,Kollam,8.910214216612895,76.63726925090515,Foggy,Rural Road,Low Light,Car,40,2,Medium,Bad Weather,Yes,High,Medium
2023-02-15,14:56,Thrissur,10.533409690322776,76.20671648752247,Rainy,Rural Road,Night,Bus,60,4,High,Bad Weather,No,Medium,Medium
2024-10-23,15:07,Kannur,11.91474046240039,75.40891773627794,Foggy,City Road,Night,Truck,50,4,Low,Distracted Driving,Yes,High,Medium
2023-03-21,15:30,Kozhikode,11.261835897241923,75.76200863412426,Cloudy,Highway,Daylight,Truck,40,2,Medium,Bad Weather,No,Low,Medium
2023-11-23,08:11,Idukki,9.830495981390845,76.94749203835234,Foggy,Rural Road,Low Light,Bike,80,4,High,Drunk Driving,No,Low,Medium
2024-07-01,08:49,Thrissur,10.563698569181446,76.23695724180631,Cloudy,Rural Road,Night,Bus,60,1,High,Drunk Driving,No,Medium,Low
2023-11-24,20:13,Alappuzha,9.503483072234772,76.34528077615693,Cloudy,City Road,Daylight,Truck,80,1,High,Road Condition,No,Low,Low
2024-09-03,20:15,Palakkad,10.790761876884533,76.62850965102554,Clear,Highway,Night,Car,50,2,Low,Road Condition,Yes,High,Low
2024-06-26,08:04,Thiruvananthapuram,8.549507369382706,76.90800617776557,Clear,City Road,Low Light,Truck,80,2,High,Overspeeding,Yes,Low,Medium
2023-06-18,07:42,Kasaragod,12.487567331138074,75.03408322173047,Foggy,Highway,Low Light,Bike,80,2,Low,Road Condition,No,Low,Medium
2024-03-04,23:38,Wayanad,11.678720469984913,76.14548893049101,Clear,Highway,Low Light,Car,60,3,High,Road Condition,Yes,High,High
2024-07-26,15:34,Kasaragod,12.542521661172591,74.96410771600777,Foggy,Highway,Low Light,Bus,40,2,Medium,Drunk Driving,Yes,Medium,Low
2024-10-05,21:15,Ernakulam,9.984426516868787,76.30643098172305,Rainy,City Road,Low Light,Bus,80,1,High,Distracted Driving,Yes,Low,Medium
2023-04-22,19:31,Kannur,11.85513437651186,75.39568611911533,Clear,Rural Road,Night,Car,60,3,Medium,Bad Weather,Yes,High,Low
2024-05-21,01:59,Pathanamthitta,9.283220640794958,76.76383760206353,Clear,City Road,Night,Bus,60,2,High,Distracted Driving,No,Low,Low
2024-09-30,20:08,Kozhikode,11.275455812024434,75.79115802639384,Cloudy,Rural Road,Low Light,Car,100,4,Medium,Drunk Driving,No,Low,Low
2024-01-01,20:49,Kannur,11.902030768064817,75.40758106294842,Foggy,Highway,Night,Car,80,2,Medium,Overspeeding,Yes,Medium,Medium
2024-02-01,02:11,Thrissur,10.528847428618654,76.22561802941033,Foggy,City Road,Low Light,Truck,80,4,Low,Drunk Driving,No,Medium,High
2023-05-05,01:11,Idukki,9.807212630875545,76.94544866562727,Clear,Rural Road,Low Light,Bike,100,1,Medium,Bad Weather,No,Low,Medium
2024-02-07,16:28,Kozhikode,11.254136966079107,75.74486800976416,Cloudy,Highway,Low Light,Bike,80,1,Medium,Bad Weather,Yes,Low,High
2023-12-21,09:59,Pathanamthitta,9.220464884452614,76.78809924563792,Clear,Highway,Night,Truck,80,1,High,Distracted Driving,Yes,Low,High